{
  "bleu": {
    "mean": 0.03486699490489184,
    "std": 0.061786007017836396,
    "min": 0.0,
    "max": 0.32165854963620577,
    "median": 0.00582121678733063
  },
  "rouge1": {
    "mean": 0.19194954701693775,
    "std": 0.1607584879654356,
    "min": 0.0,
    "max": 0.6390328151986183,
    "median": 0.19849941688481348
  },
  "rouge2": {
    "mean": 0.09348038902384395,
    "std": 0.11978115275845008,
    "min": 0.0,
    "max": 0.634315424610052,
    "median": 0.04685491723466407
  },
  "rougeL": {
    "mean": 0.13598506425243218,
    "std": 0.12102651831608428,
    "min": 0.0,
    "max": 0.6010362694300517,
    "median": 0.12610861453652256
  },
  "bertscore": {
    "precision_mean": 0.8200969278812409,
    "recall_mean": 0.803295545578003,
    "f1_mean": 0.8105386281013489,
    "f1_std": 0.042572444599050005,
    "f1_min": 0.7133083939552307,
    "f1_max": 0.9287124872207642
  }
}